{
  "mainAssemblyName": "CLTI.Diagnosis.Client",
  "resources": {
    "hash": "sha256-h7b4k3/LV8VnJ7Fhg/WFBbbEDTcZqldoWxfsEzAohR4=",
    "fingerprinting": {
      "CLTI.Diagnosis.Client.ystlm6q6wy.wasm": "CLTI.Diagnosis.Client.wasm",
      "Microsoft.AspNetCore.Authentication.Abstractions.teru10q8m9.wasm": "Microsoft.AspNetCore.Authentication.Abstractions.wasm",
      "Microsoft.AspNetCore.Authentication.Cookies.5hwk0bo7dn.wasm": "Microsoft.AspNetCore.Authentication.Cookies.wasm",
      "Microsoft.AspNetCore.Authentication.Core.m4evlbueww.wasm": "Microsoft.AspNetCore.Authentication.Core.wasm",
      "Microsoft.AspNetCore.Authentication.1jy2czmvcw.wasm": "Microsoft.AspNetCore.Authentication.wasm",
      "Microsoft.AspNetCore.Authorization.l0ls6yo63r.wasm": "Microsoft.AspNetCore.Authorization.wasm",
      "Microsoft.AspNetCore.Components.Authorization.an1x11ufal.wasm": "Microsoft.AspNetCore.Components.Authorization.wasm",
      "Microsoft.AspNetCore.Components.joivvyhzza.wasm": "Microsoft.AspNetCore.Components.wasm",
      "Microsoft.AspNetCore.Components.Web.p9wv8kskvs.wasm": "Microsoft.AspNetCore.Components.Web.wasm",
      "Microsoft.AspNetCore.Components.WebAssembly.Authentication.yw8iwdpgrn.wasm": "Microsoft.AspNetCore.Components.WebAssembly.Authentication.wasm",
      "Microsoft.AspNetCore.Components.WebAssembly.rummq6dq0q.wasm": "Microsoft.AspNetCore.Components.WebAssembly.wasm",
      "Microsoft.AspNetCore.Cryptography.Internal.p0q45a238p.wasm": "Microsoft.AspNetCore.Cryptography.Internal.wasm",
      "Microsoft.AspNetCore.DataProtection.Abstractions.i763uxpqcz.wasm": "Microsoft.AspNetCore.DataProtection.Abstractions.wasm",
      "Microsoft.AspNetCore.DataProtection.0x2ox0eei1.wasm": "Microsoft.AspNetCore.DataProtection.wasm",
      "Microsoft.AspNetCore.Hosting.Abstractions.kb9z3q8jmd.wasm": "Microsoft.AspNetCore.Hosting.Abstractions.wasm",
      "Microsoft.AspNetCore.Hosting.Server.Abstractions.wyr9zkt2c4.wasm": "Microsoft.AspNetCore.Hosting.Server.Abstractions.wasm",
      "Microsoft.AspNetCore.Http.Abstractions.5jy9omvvsv.wasm": "Microsoft.AspNetCore.Http.Abstractions.wasm",
      "Microsoft.AspNetCore.Http.Extensions.57zig84vjd.wasm": "Microsoft.AspNetCore.Http.Extensions.wasm",
      "Microsoft.AspNetCore.Http.Features.pqxjsc5k5q.wasm": "Microsoft.AspNetCore.Http.Features.wasm",
      "Microsoft.AspNetCore.Http.f0vd9tuzrq.wasm": "Microsoft.AspNetCore.Http.wasm",
      "Microsoft.AspNetCore.WebUtilities.3iepfijnwt.wasm": "Microsoft.AspNetCore.WebUtilities.wasm",
      "Microsoft.CSharp.xv7riy5miw.wasm": "Microsoft.CSharp.wasm",
      "Microsoft.Extensions.Configuration.Abstractions.ikcfkawg8q.wasm": "Microsoft.Extensions.Configuration.Abstractions.wasm",
      "Microsoft.Extensions.Configuration.Json.x8nc4ezhyo.wasm": "Microsoft.Extensions.Configuration.Json.wasm",
      "Microsoft.Extensions.Configuration.pz14rylzl4.wasm": "Microsoft.Extensions.Configuration.wasm",
      "Microsoft.Extensions.DependencyInjection.Abstractions.vp7ykedhxr.wasm": "Microsoft.Extensions.DependencyInjection.Abstractions.wasm",
      "Microsoft.Extensions.DependencyInjection.z9n54ko6u1.wasm": "Microsoft.Extensions.DependencyInjection.wasm",
      "Microsoft.Extensions.FileProviders.Abstractions.jd2xgohnr2.wasm": "Microsoft.Extensions.FileProviders.Abstractions.wasm",
      "Microsoft.Extensions.Logging.Abstractions.xx0b2blw0p.wasm": "Microsoft.Extensions.Logging.Abstractions.wasm",
      "Microsoft.Extensions.Logging.m6auzq4mnd.wasm": "Microsoft.Extensions.Logging.wasm",
      "Microsoft.Extensions.ObjectPool.n96t76uekt.wasm": "Microsoft.Extensions.ObjectPool.wasm",
      "Microsoft.Extensions.Options.p2ut2kih4a.wasm": "Microsoft.Extensions.Options.wasm",
      "Microsoft.Extensions.Primitives.i1hmqmsbhi.wasm": "Microsoft.Extensions.Primitives.wasm",
      "Microsoft.Extensions.WebEncoders.38gikq54j2.wasm": "Microsoft.Extensions.WebEncoders.wasm",
      "Microsoft.IdentityModel.Abstractions.4p2w4fhas2.wasm": "Microsoft.IdentityModel.Abstractions.wasm",
      "Microsoft.IdentityModel.Clients.ActiveDirectory.414t6u9e4q.wasm": "Microsoft.IdentityModel.Clients.ActiveDirectory.wasm",
      "Microsoft.IdentityModel.JsonWebTokens.f2kxl18208.wasm": "Microsoft.IdentityModel.JsonWebTokens.wasm",
      "Microsoft.IdentityModel.Logging.9nz25lres9.wasm": "Microsoft.IdentityModel.Logging.wasm",
      "Microsoft.IdentityModel.Tokens.q3kvrc2o8s.wasm": "Microsoft.IdentityModel.Tokens.wasm",
      "Microsoft.JSInterop.trga4cqfu3.wasm": "Microsoft.JSInterop.wasm",
      "Microsoft.JSInterop.WebAssembly.ynpjm7kaw7.wasm": "Microsoft.JSInterop.WebAssembly.wasm",
      "Microsoft.Net.Http.Headers.vhfw8f9f40.wasm": "Microsoft.Net.Http.Headers.wasm",
      "Microsoft.Win32.Registry.vf653l695i.wasm": "Microsoft.Win32.Registry.wasm",
      "netstandard.qk3x32ce9p.wasm": "netstandard.wasm",
      "System.Buffers.j7bc0wpfa9.wasm": "System.Buffers.wasm",
      "System.Collections.Concurrent.adfidbqph9.wasm": "System.Collections.Concurrent.wasm",
      "System.Collections.Immutable.4148jddji0.wasm": "System.Collections.Immutable.wasm",
      "System.Collections.NonGeneric.6ezggqfysa.wasm": "System.Collections.NonGeneric.wasm",
      "System.Collections.Specialized.p9by9rw3aq.wasm": "System.Collections.Specialized.wasm",
      "System.Collections.lseoefxejb.wasm": "System.Collections.wasm",
      "System.ComponentModel.Primitives.z75aky6qy5.wasm": "System.ComponentModel.Primitives.wasm",
      "System.ComponentModel.TypeConverter.igq0tpa1ho.wasm": "System.ComponentModel.TypeConverter.wasm",
      "System.ComponentModel.0n5errmvx8.wasm": "System.ComponentModel.wasm",
      "System.Console.8gzddztkdh.wasm": "System.Console.wasm",
      "System.Diagnostics.Debug.9k7hbrh1dl.wasm": "System.Diagnostics.Debug.wasm",
      "System.Diagnostics.DiagnosticSource.tge9i76ciu.wasm": "System.Diagnostics.DiagnosticSource.wasm",
      "System.Diagnostics.Tracing.gm4yg2mm4t.wasm": "System.Diagnostics.Tracing.wasm",
      "System.Dynamic.Runtime.328z012f6p.wasm": "System.Dynamic.Runtime.wasm",
      "System.Formats.Asn1.nh7u274bgs.wasm": "System.Formats.Asn1.wasm",
      "System.Globalization.8pxloly6nw.wasm": "System.Globalization.wasm",
      "System.IdentityModel.Tokens.Jwt.vaq2mllyhs.wasm": "System.IdentityModel.Tokens.Jwt.wasm",
      "System.IO.Pipelines.kapd30rafw.wasm": "System.IO.Pipelines.wasm",
      "System.IO.bcb5n6yc6w.wasm": "System.IO.wasm",
      "System.Linq.Expressions.96wwgie9i5.wasm": "System.Linq.Expressions.wasm",
      "System.Linq.fmpdsk2z47.wasm": "System.Linq.wasm",
      "System.Memory.nuxarx03ww.wasm": "System.Memory.wasm",
      "System.Net.Http.Json.aqw8l5owug.wasm": "System.Net.Http.Json.wasm",
      "System.Net.Http.4ego8njapn.wasm": "System.Net.Http.wasm",
      "System.Net.Http.WebAssemblyHttpHandler.00bzqfy0eb.wasm": "System.Net.Http.WebAssemblyHttpHandler.wasm",
      "System.Net.Primitives.qh8ip7x00u.wasm": "System.Net.Primitives.wasm",
      "System.Net.WebSockets.3nbjnrau48.wasm": "System.Net.WebSockets.wasm",
      "System.ObjectModel.mf9mpmciqr.wasm": "System.ObjectModel.wasm",
      "System.Private.CoreLib.6qwk5loxo3.wasm": "System.Private.CoreLib.wasm",
      "System.Private.DataContractSerialization.wwalndpx96.wasm": "System.Private.DataContractSerialization.wasm",
      "System.Private.Uri.0pp2c50bo6.wasm": "System.Private.Uri.wasm",
      "System.Private.Xml.Linq.bfg7mh1jjt.wasm": "System.Private.Xml.Linq.wasm",
      "System.Private.Xml.32rv22rtsv.wasm": "System.Private.Xml.wasm",
      "System.Reflection.Extensions.j5e14r7yn5.wasm": "System.Reflection.Extensions.wasm",
      "System.Reflection.Primitives.7djfmml59i.wasm": "System.Reflection.Primitives.wasm",
      "System.Reflection.wzqp40vtkn.wasm": "System.Reflection.wasm",
      "System.Runtime.Extensions.mal9zddl1u.wasm": "System.Runtime.Extensions.wasm",
      "System.Runtime.InteropServices.JavaScript.f7txb1es0b.wasm": "System.Runtime.InteropServices.JavaScript.wasm",
      "System.Runtime.InteropServices.lusbhxutwl.wasm": "System.Runtime.InteropServices.wasm",
      "System.Runtime.Numerics.rh1eku8x4z.wasm": "System.Runtime.Numerics.wasm",
      "System.Runtime.Serialization.Formatters.orqjcbe422.wasm": "System.Runtime.Serialization.Formatters.wasm",
      "System.Runtime.Serialization.Json.v8eucu131p.wasm": "System.Runtime.Serialization.Json.wasm",
      "System.Runtime.Serialization.Primitives.xzskjswqys.wasm": "System.Runtime.Serialization.Primitives.wasm",
      "System.Runtime.1iu0imzq7c.wasm": "System.Runtime.wasm",
      "System.Security.AccessControl.my7kqw5vq5.wasm": "System.Security.AccessControl.wasm",
      "System.Security.Claims.swqv8hycyh.wasm": "System.Security.Claims.wasm",
      "System.Security.Cryptography.Algorithms.ja9dkkfjkc.wasm": "System.Security.Cryptography.Algorithms.wasm",
      "System.Security.Cryptography.Pkcs.4rmexu0m3o.wasm": "System.Security.Cryptography.Pkcs.wasm",
      "System.Security.Cryptography.Primitives.on00wuhu57.wasm": "System.Security.Cryptography.Primitives.wasm",
      "System.Security.Cryptography.fvrikwa9f8.wasm": "System.Security.Cryptography.wasm",
      "System.Security.Cryptography.X509Certificates.cpse2etjyy.wasm": "System.Security.Cryptography.X509Certificates.wasm",
      "System.Security.Cryptography.Xml.ox1n5kk03z.wasm": "System.Security.Cryptography.Xml.wasm",
      "System.Security.Principal.Windows.uzj0q2haao.wasm": "System.Security.Principal.Windows.wasm",
      "System.Text.Encoding.Extensions.y7ufsa7vbl.wasm": "System.Text.Encoding.Extensions.wasm",
      "System.Text.Encoding.e1q9fq8pmt.wasm": "System.Text.Encoding.wasm",
      "System.Text.Encodings.Web.9vez62xzkk.wasm": "System.Text.Encodings.Web.wasm",
      "System.Text.Json.vkoq0wc1nn.wasm": "System.Text.Json.wasm",
      "System.Text.RegularExpressions.lvovios6vs.wasm": "System.Text.RegularExpressions.wasm",
      "System.Threading.Tasks.6uz0vw4djo.wasm": "System.Threading.Tasks.wasm",
      "System.Threading.f2q69s45yr.wasm": "System.Threading.wasm",
      "System.m0fu6d0eya.wasm": "System.wasm",
      "System.Xml.Linq.qsgzs1hc1j.wasm": "System.Xml.Linq.wasm",
      "System.Xml.ReaderWriter.f2fkxqetgw.wasm": "System.Xml.ReaderWriter.wasm",
      "System.Xml.XDocument.yn5extdgcq.wasm": "System.Xml.XDocument.wasm",
      "System.Xml.XmlDocument.pr2agjirsq.wasm": "System.Xml.XmlDocument.wasm",
      "dotnet.js": "dotnet.js",
      "dotnet.native.9ih887ebfz.js": "dotnet.native.js",
      "dotnet.native.21mns4qp4i.wasm": "dotnet.native.wasm",
      "dotnet.runtime.st3wwc8rqy.js": "dotnet.runtime.js",
      "icudt_CJK.tjcz0u77k5.dat": "icudt_CJK.dat",
      "icudt_EFIGS.tptq2av103.dat": "icudt_EFIGS.dat",
      "icudt_no_CJK.lfu7j35m59.dat": "icudt_no_CJK.dat"
    },
    "jsModuleNative": {
      "dotnet.native.9ih887ebfz.js": "sha256-oS7IRiQoVt9ThQ7Y2UM3XoeY0JqPD02cg9IvRdufn2w="
    },
    "jsModuleRuntime": {
      "dotnet.runtime.st3wwc8rqy.js": "sha256-oBRKHAqZUsvCRnCzkQfB7zc45cpKLNq2NKyrG10IKx8="
    },
    "wasmNative": {
      "dotnet.native.21mns4qp4i.wasm": "sha256-RtuwNrUOdAJ5A4aS4ZmceO4ySriaYqTdC7X++6yd9lM="
    },
    "icu": {
      "icudt_CJK.tjcz0u77k5.dat": "sha256-SZLtQnRc0JkwqHab0VUVP7T3uBPSeYzxzDnpxPpUnHk=",
      "icudt_EFIGS.tptq2av103.dat": "sha256-8fItetYY8kQ0ww6oxwTLiT3oXlBwHKumbeP2pRF4yTc=",
      "icudt_no_CJK.lfu7j35m59.dat": "sha256-L7sV7NEYP37/Qr2FPCePo5cJqRgTXRwGHuwF5Q+0Nfs="
    },
    "coreAssembly": {
      "System.Private.CoreLib.6qwk5loxo3.wasm": "sha256-rjui3zn106hmKlLV5IcX+Af8zJiebPRbHiVOkmICDX4=",
      "System.Runtime.InteropServices.JavaScript.f7txb1es0b.wasm": "sha256-5X6FWiZE4NSx4s9iNjfVim2lWQpcbVIsorx1vB6lyno="
    },
    "assembly": {
      "CLTI.Diagnosis.Client.ystlm6q6wy.wasm": "sha256-IljI2tGZU20dPI6QsVNReUe1ar8Po+WitqmeiiM+Nn0=",
      "Microsoft.AspNetCore.Authentication.Abstractions.teru10q8m9.wasm": "sha256-u9iMOIltdEH1f+auTSi7mcb4SBt2memdjfBRiDl2cNE=",
      "Microsoft.AspNetCore.Authentication.Cookies.5hwk0bo7dn.wasm": "sha256-l9JFTlQeou24it5z/wN5pLncCEvGXIhHTExQWTO548U=",
      "Microsoft.AspNetCore.Authentication.Core.m4evlbueww.wasm": "sha256-RvrgkuvCzUhIR14zDxsUqVpYzujZOdJHMJ36UJgBMIg=",
      "Microsoft.AspNetCore.Authentication.1jy2czmvcw.wasm": "sha256-TTMbfIRYCWh/6ZtcC/6m23rRKoIiOx5Vw948CeeE9cA=",
      "Microsoft.AspNetCore.Authorization.l0ls6yo63r.wasm": "sha256-mxi6PnXBLTiuSJZSO7xeCW/n8k85hwwHItBD+tu6yk4=",
      "Microsoft.AspNetCore.Components.Authorization.an1x11ufal.wasm": "sha256-apQs67mvDDCdlZ2P8F6A0qEtWJBLp6WRt7P9FLFDDFk=",
      "Microsoft.AspNetCore.Components.joivvyhzza.wasm": "sha256-rXh3V+DEAkb4TcxhmH0xnT9P3VLmSDQH3GmQEF1D9iU=",
      "Microsoft.AspNetCore.Components.Web.p9wv8kskvs.wasm": "sha256-HU3aQ7/f7T4Eq0VgZVRPA2yBkw7hVcYVL4ePTvSpprE=",
      "Microsoft.AspNetCore.Components.WebAssembly.Authentication.yw8iwdpgrn.wasm": "sha256-ogGvV1BhhN9bk/zO0D+nlA4dBwo+KyjgCtgkOkpKLZw=",
      "Microsoft.AspNetCore.Components.WebAssembly.rummq6dq0q.wasm": "sha256-zWDXdI3kgxXVGE88urq1dXpBQc5FWbWKvGGdPipLGVA=",
      "Microsoft.AspNetCore.Cryptography.Internal.p0q45a238p.wasm": "sha256-ucmSTgsCIeplY4euEWmAgcbVGw+GW6pEWV9oXLScxZA=",
      "Microsoft.AspNetCore.DataProtection.Abstractions.i763uxpqcz.wasm": "sha256-LlR1Jkynaw8NHvrFDkb/TJlslaeyQ0smb/SvorJXgCM=",
      "Microsoft.AspNetCore.DataProtection.0x2ox0eei1.wasm": "sha256-xEV/oEttD6lDH8uTc63YXb0hm7DbEhJM3TuHMuUdGJE=",
      "Microsoft.AspNetCore.Hosting.Abstractions.kb9z3q8jmd.wasm": "sha256-EBu0K8SFe/KbDl6H4PhdQZcfOWBAQS9MiNm+0jjq0xo=",
      "Microsoft.AspNetCore.Hosting.Server.Abstractions.wyr9zkt2c4.wasm": "sha256-KOdV8nnepJvdzz9YZQF2IiESUrXNx6nNMN2Uvhssmi4=",
      "Microsoft.AspNetCore.Http.Abstractions.5jy9omvvsv.wasm": "sha256-7wgz1ZHwXmXV8y00xn+jT4BGeuCQQbVYGQl+PNvBfnQ=",
      "Microsoft.AspNetCore.Http.Extensions.57zig84vjd.wasm": "sha256-sbIJEHnGL6std1HkIJ83mfNTk5yznrGRZbaacPDI5w4=",
      "Microsoft.AspNetCore.Http.Features.pqxjsc5k5q.wasm": "sha256-bzIPAVp+XhD63CRn9cVTB4tJRU+oDEAuwFYoHytMhUk=",
      "Microsoft.AspNetCore.Http.f0vd9tuzrq.wasm": "sha256-P7u++4zIBAR6s/X8yOsyscat1H9SsWsnAnBNrm4OxlA=",
      "Microsoft.AspNetCore.WebUtilities.3iepfijnwt.wasm": "sha256-VQM0rTyQ42zNsi2Mfz/XlOZsi4F4HQ5RrZnGIJaRhjI=",
      "Microsoft.CSharp.xv7riy5miw.wasm": "sha256-rUrBxG7iNotiCp6YPMYvr+CfJE35obxeQzyX6zKqLIg=",
      "Microsoft.Extensions.Configuration.Abstractions.ikcfkawg8q.wasm": "sha256-nhak/Ch7TOrbT2umyoexChLkVbr45zSylnziTDlG7Tk=",
      "Microsoft.Extensions.Configuration.Json.x8nc4ezhyo.wasm": "sha256-TxOo9nPmVL3U9K4TaX1871k0es8meg5RhQtvn2xXGbc=",
      "Microsoft.Extensions.Configuration.pz14rylzl4.wasm": "sha256-FbbkCztqkDMz5rh3sGQ3/d/xGFh4KloSaMpO8OHC9gw=",
      "Microsoft.Extensions.DependencyInjection.Abstractions.vp7ykedhxr.wasm": "sha256-k/eA0bTvnZhphMJD6dJB7qtx4JAoZPJEG/rkltXeEfg=",
      "Microsoft.Extensions.DependencyInjection.z9n54ko6u1.wasm": "sha256-F1nQHxNTpPEjvRRiVZCtedWwWdQZYkHHpVUXoR2lMO4=",
      "Microsoft.Extensions.FileProviders.Abstractions.jd2xgohnr2.wasm": "sha256-R8pblTpf7YIesZRCeT2hbXFW1z4wMWTxPynEzBsuUec=",
      "Microsoft.Extensions.Logging.Abstractions.xx0b2blw0p.wasm": "sha256-hXd4LNG6HS0b1yqxKdqC3AiyoLduGxvENzZEpFB/Mj0=",
      "Microsoft.Extensions.Logging.m6auzq4mnd.wasm": "sha256-DvrLzujyS1dFkZKEtBzo/cuy6CxtUZg8YGanE4qbnfk=",
      "Microsoft.Extensions.ObjectPool.n96t76uekt.wasm": "sha256-BZx0hziW90rRo8LfJcoJpRiq66X8iwdLrZAcY7nuYXs=",
      "Microsoft.Extensions.Options.p2ut2kih4a.wasm": "sha256-f1BFrVOqhrX27W7YM9EN+TCUNRezfujKylNRyUIoY3E=",
      "Microsoft.Extensions.Primitives.i1hmqmsbhi.wasm": "sha256-xvHPTq/JH/Z4fYJrvFYFmR9+nK5Hfj7OiCOjJD7Pepk=",
      "Microsoft.Extensions.WebEncoders.38gikq54j2.wasm": "sha256-XVEO4cXrfKz81lwPwVPo/GK0FfSeEZ+ZRkVD6fCDgsg=",
      "Microsoft.IdentityModel.Abstractions.4p2w4fhas2.wasm": "sha256-WHowLPKMUn6DoasX92HZTfXx0Tq/10LPhgKSV5J5bbU=",
      "Microsoft.IdentityModel.Clients.ActiveDirectory.414t6u9e4q.wasm": "sha256-WDiXiyX2kB+khKsPqp11CCQeqwAdrL6O2ih9VR30OsY=",
      "Microsoft.IdentityModel.JsonWebTokens.f2kxl18208.wasm": "sha256-KUO++Jqiuxz3djJUc4QPIpyXWC/aX8hfdr9CQhVXMk4=",
      "Microsoft.IdentityModel.Logging.9nz25lres9.wasm": "sha256-CxZA+vKyvyiJUnmTgDQGUDiyyDbKGS2XMSG5T8wkVkA=",
      "Microsoft.IdentityModel.Tokens.q3kvrc2o8s.wasm": "sha256-er3ZYoGWmWuOQDRN7fljOaaPihEGqrFltZJM19lgMfQ=",
      "Microsoft.JSInterop.trga4cqfu3.wasm": "sha256-aQeliH0ZpGoqPJG6wf7fVBBQYe7PJFAIvBED+ssY7J4=",
      "Microsoft.JSInterop.WebAssembly.ynpjm7kaw7.wasm": "sha256-rhpkBOcrE3Jka5EriY0f6+d/lxnwAWpcDQrLBwRBYfg=",
      "Microsoft.Net.Http.Headers.vhfw8f9f40.wasm": "sha256-jfXK+cfJd/PteHB+5Bay/NDY9b9VLvVw6G/Bm262Lpo=",
      "Microsoft.Win32.Registry.vf653l695i.wasm": "sha256-JVmY3/MQ90nefE7PLTRAGUTlm73NxowbTtDx6o+O8cw=",
      "netstandard.qk3x32ce9p.wasm": "sha256-WvuSrFOoh88omaOW66GD2epaEXA5kwLrZ4egSgzQUa8=",
      "System.Buffers.j7bc0wpfa9.wasm": "sha256-v5OJZqDb9MU4k2lXbzJKN8UE/nhCKJWh8DNJ9GsSt0Q=",
      "System.Collections.Concurrent.adfidbqph9.wasm": "sha256-ssjPmxhNJzice1Vg2ck5nrHS6hsvMnuAl+AzW+4TRCM=",
      "System.Collections.Immutable.4148jddji0.wasm": "sha256-aJ07vyHdp4gHZbTcwkV+3OKk0DefRsynu85ZHJAJJrs=",
      "System.Collections.NonGeneric.6ezggqfysa.wasm": "sha256-Lj/FDyJ1o5MEcvUfxKWWwj656X0ke33rks4gZyQiZdM=",
      "System.Collections.Specialized.p9by9rw3aq.wasm": "sha256-c91SadfgM/OpDSYxUT/jejjlk0Ci4dYTqgVeEjPTiT8=",
      "System.Collections.lseoefxejb.wasm": "sha256-5VoPW0fTibIo0cRszq6ln0yt1BbpHv3UJO7PeFUgfrA=",
      "System.ComponentModel.Primitives.z75aky6qy5.wasm": "sha256-EYvLNz26Mbqxd6eFbbLtOAlvaRw3WjqSH71PqQJdInI=",
      "System.ComponentModel.TypeConverter.igq0tpa1ho.wasm": "sha256-Dll48mJ2BWm8ClryLGpTXtWpJHLWYxKQga0XANN0o8s=",
      "System.ComponentModel.0n5errmvx8.wasm": "sha256-DHujPeYswdt0JOBw03JC11hmqQ+Vtb1K9fkbgtDLtTM=",
      "System.Console.8gzddztkdh.wasm": "sha256-uF3+ccS0JkFJ35TLnMMLOVGbw1Ot8bRhEsYhha1kpOY=",
      "System.Diagnostics.Debug.9k7hbrh1dl.wasm": "sha256-icdEv3KA0NYcpgj/tO4DeiEz+I00CQFTM1i34SoLXJk=",
      "System.Diagnostics.DiagnosticSource.tge9i76ciu.wasm": "sha256-gyDSa5r5b9+T3/LLN701Ns2ydjSZDu9XPBN7yc5DB8I=",
      "System.Diagnostics.Tracing.gm4yg2mm4t.wasm": "sha256-GHy71vH/k0P0Djqqfm1p9pVNnm5yP1it6zpYbk2NWw4=",
      "System.Dynamic.Runtime.328z012f6p.wasm": "sha256-i5dxFdJR/LJ5jzZnKYKXX0KNB5IUSuDILT46UwxMzW4=",
      "System.Formats.Asn1.nh7u274bgs.wasm": "sha256-lcDDBKAURwiFloD7kNwePR8uHRwRtIdy8YvzB/S9/Xo=",
      "System.Globalization.8pxloly6nw.wasm": "sha256-3Mkie25hK0ZkbI5xMcJBaFah3syzLuLTfmVNFtiOs9E=",
      "System.IdentityModel.Tokens.Jwt.vaq2mllyhs.wasm": "sha256-WfRoJ5gZy8DgDs2xAMpoDfqIGw/5c95QrqODyKSRq/g=",
      "System.IO.Pipelines.kapd30rafw.wasm": "sha256-tCvlwGJAx3TJMot5V3EE7CsL75IH2QH821792tEpUhM=",
      "System.IO.bcb5n6yc6w.wasm": "sha256-VcgNy+xuJ2SxVQTxB1Bt3H1paNl5mJoHZwiVtpOI4fc=",
      "System.Linq.Expressions.96wwgie9i5.wasm": "sha256-H92l40nwvG2F1cLD8cezpxI4HSdjerhvCgxfJmEQChs=",
      "System.Linq.fmpdsk2z47.wasm": "sha256-9w7ttz/016gtAU6L58IySn2NxsjKQ9FGE8zDy0tiA6g=",
      "System.Memory.nuxarx03ww.wasm": "sha256-36gFstOHc7IK1pPqcvFKsFFwTuCXsFgZArLyZv6pXnY=",
      "System.Net.Http.Json.aqw8l5owug.wasm": "sha256-skBVcMbWoQRQpuZhLGrv37b2Da4XesimsEsXbxR8CFs=",
      "System.Net.Http.4ego8njapn.wasm": "sha256-BCM7uIuLdIGP0awf6zV7+ODwnDRJu4lKrI35SgfSKnI=",
      "System.Net.Http.WebAssemblyHttpHandler.00bzqfy0eb.wasm": "sha256-cDidk8QExI9XykSxMeKCqvI7R90S9gLD7ZrTakYVDxg=",
      "System.Net.Primitives.qh8ip7x00u.wasm": "sha256-gr+unU22y/G66Z/DDvocKrJCUH7oC0Vs20ECfWcHYoA=",
      "System.Net.WebSockets.3nbjnrau48.wasm": "sha256-r6SAVtR5J2ofbJ2QDr43y5RuedszE2dzNr2hei69AwY=",
      "System.ObjectModel.mf9mpmciqr.wasm": "sha256-QuoVIa3GxzIX/c6bKnWBhsDKjw7mMBhQYMgpn5t+sQE=",
      "System.Private.DataContractSerialization.wwalndpx96.wasm": "sha256-gDqJBTmO/WTBQ03ruuMHUAUQDhqew9McpZCLtAYFkco=",
      "System.Private.Uri.0pp2c50bo6.wasm": "sha256-bJGIStWA+Va/RoV/q7UEKjfaJmtTAftfqEhUp2OCVNQ=",
      "System.Private.Xml.Linq.bfg7mh1jjt.wasm": "sha256-59gi28uPBys9XaKmhZN1xqK39UxZ/l/2qkb2Io+p1qw=",
      "System.Private.Xml.32rv22rtsv.wasm": "sha256-ResEVJQk+/WNh+h/FfDqLicP7U35kcU3+Q5MWZ0WbS8=",
      "System.Reflection.Extensions.j5e14r7yn5.wasm": "sha256-572PM8UO+F9mAoIIfmUBCLJk/RWa0lwt+IkLqFpcGJE=",
      "System.Reflection.Primitives.7djfmml59i.wasm": "sha256-NXIC0obJo/qR1JXG8B2B0iA2UiZlCf1mARqw/uMlOmk=",
      "System.Reflection.wzqp40vtkn.wasm": "sha256-7AhJ0/EseQpd1sbPJjeNj1/jd1aCWHaSVHkw/C5igQ8=",
      "System.Runtime.Extensions.mal9zddl1u.wasm": "sha256-8sSFuqoHEh3DSEcNpJkjQldZIg1lEY43gGVDPSq1PJQ=",
      "System.Runtime.InteropServices.lusbhxutwl.wasm": "sha256-M6QfC8CM27y+cx1KAcDkrkmj/MJTa8/t9z1LuLGZoSo=",
      "System.Runtime.Numerics.rh1eku8x4z.wasm": "sha256-D4sYecSEgu5YvZMyK8VtDl6DJcwp6qahAKjsJK4wvV0=",
      "System.Runtime.Serialization.Formatters.orqjcbe422.wasm": "sha256-RIYMgV1JJqZ/yKTprSi7ABrUDAj/FH5H6IuQ+0JSKcw=",
      "System.Runtime.Serialization.Json.v8eucu131p.wasm": "sha256-nzc3VA9lgFRYpUopJ+rRKL3lGoBHisG3It1/4vEzlSI=",
      "System.Runtime.Serialization.Primitives.xzskjswqys.wasm": "sha256-zTIml58gUUNszaur7YVbvPiHc5PrOeRygvq5tN5rEVk=",
      "System.Runtime.1iu0imzq7c.wasm": "sha256-abQANfidcxUEZDsWUVe7BBT2xKdKvTatf/OXiiPY/Z4=",
      "System.Security.AccessControl.my7kqw5vq5.wasm": "sha256-Tk+AoXqvTt8xTBWRV0J3GGBGN2BO24655XRupo8zezw=",
      "System.Security.Claims.swqv8hycyh.wasm": "sha256-/KVpYAPaVOxmS2klNt42qIp/YATEJdS4XKlqj0HehIM=",
      "System.Security.Cryptography.Algorithms.ja9dkkfjkc.wasm": "sha256-S4QjsJC+V60S2+31ADND3fbv3USs/Zqqv/epQKDjBrM=",
      "System.Security.Cryptography.Pkcs.4rmexu0m3o.wasm": "sha256-sOPDx7BL7F4zBcrbFZ73qCLj3O7Kh9XL3iZOxVSrI6Q=",
      "System.Security.Cryptography.Primitives.on00wuhu57.wasm": "sha256-rBSQDVTi7Q7JQ07OVw/kkQ9qzdJdW1Obo4ElHSMSj28=",
      "System.Security.Cryptography.fvrikwa9f8.wasm": "sha256-m1Ho1hJMIuED1kQc7K4PKjm1Q0inNr0oxF9/walI0Ck=",
      "System.Security.Cryptography.X509Certificates.cpse2etjyy.wasm": "sha256-0FJA7JqUtb4qaIf7l/80zCQAub5h5oT9M7oTjFMRQ2E=",
      "System.Security.Cryptography.Xml.ox1n5kk03z.wasm": "sha256-jJ5h3HFNsGNvarPXihVLnrUBTXUbfjJgerCc0uxfGDU=",
      "System.Security.Principal.Windows.uzj0q2haao.wasm": "sha256-Opd4CO/0hL5zBdiXfmOMfqtZCXLBEHtYN3WKg8ntM3o=",
      "System.Text.Encoding.Extensions.y7ufsa7vbl.wasm": "sha256-QoWqXVmScCWT+dUmfQa1rx2uqnm48MlT7/5rZ4e02a8=",
      "System.Text.Encoding.e1q9fq8pmt.wasm": "sha256-7jz96OFTWqvABru1dnpIR/crYX7TtUk1i4fbYxIiAmg=",
      "System.Text.Encodings.Web.9vez62xzkk.wasm": "sha256-BRTAD+wr/SQWf1Y7vjWt6wsNnIG+/UkfvozyIO65nUM=",
      "System.Text.Json.vkoq0wc1nn.wasm": "sha256-736dTlitAg84XkcaLHniN+iPMjorPtwlkSueefLq2sE=",
      "System.Text.RegularExpressions.lvovios6vs.wasm": "sha256-sYFNsOanTT06s/pR7D1+5VWn7BHW6iGPMLVHgAzVqW4=",
      "System.Threading.Tasks.6uz0vw4djo.wasm": "sha256-kssHfjj0vFXyETR80mM0KqHIiN1o7AAvTvvt5UK5wPA=",
      "System.Threading.f2q69s45yr.wasm": "sha256-d+J2Qv29L5QQePMRqzz5sGKFbZxMZMOrBmBMZuCrhko=",
      "System.m0fu6d0eya.wasm": "sha256-hkGLo/MuT/FJ0Xf4XUL0D2VA4dZV532GHNB1JicxLko=",
      "System.Xml.Linq.qsgzs1hc1j.wasm": "sha256-yo+J3RWIIHIiwAhqsR9JizNkH/+hd3auB44RBmvvLoI=",
      "System.Xml.ReaderWriter.f2fkxqetgw.wasm": "sha256-RxIBfA6GYn1mH1u6IBR/kPIQhdLlq5ewp4ra0V3uxBI=",
      "System.Xml.XDocument.yn5extdgcq.wasm": "sha256-0sZHQtqZIuem7be53Mhaba2IOPlpu98hnIbHYiZRCUQ=",
      "System.Xml.XmlDocument.pr2agjirsq.wasm": "sha256-hUivAXun6m1JqsHZUo/F/ZceGes+YvF0UODVPwCFLtw="
    }
  },
  "cacheBootResources": true,
  "debugLevel": 0,
  "linkerEnabled": true,
  "globalizationMode": "sharded",
  "extensions": {
    "blazor": {}
  }
}